batch,max_length,model_revision,quality_split,variant,trial,items_per_request,model_state_mib,request_offset,status,reason,max_abs_error,relative_l2_error,examples,correct,accuracy,baseline_correct,changed_predictions,regressions,recoveries,accuracy_drop_pp,median_ms,p95_ms,peak_extra_mib
8,128,714eb0fa89d2f80546fda750413ed43d93601a13,sst2_validation,cuda_fp32,0,8,255.452,0,ok,,2.3365020751953125e-05,6.476382168330019e-07,872,794,0.9105504751205444,794,0,0,0,0.0,14.8022,15.0534,33.0166015625
8,128,714eb0fa89d2f80546fda750413ed43d93601a13,sst2_validation,cuda_fp16,0,8,127.746,0,ok,,0.015000760555267334,0.0005838137585669756,872,794,0.9105504751205444,794,0,0,0,0.0,5.5531500000000005,8.3659,16.5166015625
1,128,714eb0fa89d2f80546fda750413ed43d93601a13,sst2_validation,cuda_fp16,0,1,127.746,0,ok,,0.02406555414199829,0.0006768004968762398,872,794,0.9105504751205444,794,0,0,0,0.0,3.27115,3.3744,2.06494140625
1,128,714eb0fa89d2f80546fda750413ed43d93601a13,sst2_validation,cpu_fp32,0,1,255.451,0,ok,,0.0,0.0,872,794,0.9105504751205444,794,0,0,0,0.0,37.83565,38.5848,
8,128,714eb0fa89d2f80546fda750413ed43d93601a13,sst2_validation,cpu_int8_dynamic,0,8,132.288,0,ok,,3.8199665546417236,0.20046238601207733,872,787,0.9025229215621948,794,35,21,14,0.8027522935779816,82.3569,95.9353,
8,128,714eb0fa89d2f80546fda750413ed43d93601a13,sst2_validation,cpu_fp32,0,8,255.451,0,ok,,0.0,0.0,872,794,0.9105504751205444,794,0,0,0,0.0,266.17195000000004,275.8611,
1,128,714eb0fa89d2f80546fda750413ed43d93601a13,sst2_validation,cuda_fp32,0,1,255.452,0,ok,,1.5735626220703125e-05,4.587030275615689e-07,872,794,0.9105504751205444,794,0,0,0,0.0,3.48065,3.66,4.12744140625
1,128,714eb0fa89d2f80546fda750413ed43d93601a13,sst2_validation,cpu_int8_dynamic,0,1,132.288,0,ok,,4.88940954208374,0.1908721625804901,872,778,0.892201840877533,794,38,27,11,1.834862385321101,11.55905,11.7834,
8,128,714eb0fa89d2f80546fda750413ed43d93601a13,sst2_validation,cuda_fp32,1,8,255.452,8,ok,,2.3365020751953125e-05,6.476382168330019e-07,872,794,0.9105504751205444,794,0,0,0,0.0,14.668849999999999,15.1181,33.0166015625
8,128,714eb0fa89d2f80546fda750413ed43d93601a13,sst2_validation,cpu_fp32,1,8,255.451,8,ok,,0.0,0.0,872,794,0.9105504751205444,794,0,0,0,0.0,277.437,284.2101,
8,128,714eb0fa89d2f80546fda750413ed43d93601a13,sst2_validation,cuda_fp16,1,8,127.746,8,ok,,0.015000760555267334,0.0005838137585669756,872,794,0.9105504751205444,794,0,0,0,0.0,5.13975,9.3751,16.5166015625
1,128,714eb0fa89d2f80546fda750413ed43d93601a13,sst2_validation,cuda_fp32,1,1,255.452,8,ok,,1.5735626220703125e-05,4.587030275615689e-07,872,794,0.9105504751205444,794,0,0,0,0.0,4.96405,5.1207,4.12744140625
8,128,714eb0fa89d2f80546fda750413ed43d93601a13,sst2_validation,cpu_int8_dynamic,1,8,132.288,8,ok,,3.8199665546417236,0.20046238601207733,872,787,0.9025229215621948,794,35,21,14,0.8027522935779816,84.4459,95.1193,
1,128,714eb0fa89d2f80546fda750413ed43d93601a13,sst2_validation,cpu_fp32,1,1,255.451,8,ok,,0.0,0.0,872,794,0.9105504751205444,794,0,0,0,0.0,40.32505,40.6964,
1,128,714eb0fa89d2f80546fda750413ed43d93601a13,sst2_validation,cuda_fp16,1,1,127.746,8,ok,,0.02406555414199829,0.0006768004968762398,872,794,0.9105504751205444,794,0,0,0,0.0,3.6439000000000004,3.7522,2.06494140625
1,128,714eb0fa89d2f80546fda750413ed43d93601a13,sst2_validation,cpu_int8_dynamic,1,1,132.288,8,ok,,4.88940954208374,0.1908721625804901,872,778,0.892201840877533,794,38,27,11,1.834862385321101,12.29265,12.9017,
8,128,714eb0fa89d2f80546fda750413ed43d93601a13,sst2_validation,cpu_fp32,2,8,255.451,16,ok,,0.0,0.0,872,794,0.9105504751205444,794,0,0,0,0.0,281.8438,302.7514,
1,128,714eb0fa89d2f80546fda750413ed43d93601a13,sst2_validation,cuda_fp16,2,1,127.746,16,ok,,0.02406555414199829,0.0006768004968762398,872,794,0.9105504751205444,794,0,0,0,0.0,3.48475,11.1955,2.06494140625
8,128,714eb0fa89d2f80546fda750413ed43d93601a13,sst2_validation,cuda_fp16,2,8,127.746,16,ok,,0.015000760555267334,0.0005838137585669756,872,794,0.9105504751205444,794,0,0,0,0.0,5.1871,7.9522,16.5166015625
1,128,714eb0fa89d2f80546fda750413ed43d93601a13,sst2_validation,cuda_fp32,2,1,255.452,16,ok,,1.5735626220703125e-05,4.587030275615689e-07,872,794,0.9105504751205444,794,0,0,0,0.0,3.5519,3.776,4.12744140625
1,128,714eb0fa89d2f80546fda750413ed43d93601a13,sst2_validation,cpu_fp32,2,1,255.451,16,ok,,0.0,0.0,872,794,0.9105504751205444,794,0,0,0,0.0,40.1207,41.0719,
1,128,714eb0fa89d2f80546fda750413ed43d93601a13,sst2_validation,cpu_int8_dynamic,2,1,132.288,16,ok,,4.88940954208374,0.1908721625804901,872,778,0.892201840877533,794,38,27,11,1.834862385321101,11.674900000000001,12.3494,
8,128,714eb0fa89d2f80546fda750413ed43d93601a13,sst2_validation,cuda_fp32,2,8,255.452,16,ok,,2.3365020751953125e-05,6.476382168330019e-07,872,794,0.9105504751205444,794,0,0,0,0.0,14.71135,16.0679,33.0166015625
8,128,714eb0fa89d2f80546fda750413ed43d93601a13,sst2_validation,cpu_int8_dynamic,2,8,132.288,16,ok,,3.8199665546417236,0.20046238601207733,872,787,0.9025229215621948,794,35,21,14,0.8027522935779816,79.76415,81.9021,
