threads,batch,cpu_fp32,cpu_int8_dynamic,cuda_fp16,cuda_fp32,cpu_int8_speedup,measured_fastest_error003,max_int8_relative_l2
1,1,0.3052,0.15915,0.14765,0.17149999999999999,1.9176877159912034,cuda_fp16,0.022961696609854698
1,2,0.753,0.19225,0.1396,0.1352,3.916775032509753,cuda_fp32,0.023927539587020874
1,4,0.9795,0.21405000000000002,0.1412,0.1416,4.576033637000701,cuda_fp16,0.024183036759495735
1,8,1.2524,0.2832,0.20750000000000002,0.1644,4.422316384180791,cuda_fp32,0.026814624667167664
1,16,1.83875,0.41984999999999995,0.223,0.2649,4.379540312016197,cuda_fp16,0.026939861476421356
1,32,2.9863999999999997,0.6886,0.25765,0.3667,4.336915480685448,cuda_fp16,0.029450776055455208
1,64,5.383900000000001,1.2222499999999998,0.26005,0.3261,4.404908979341379,cuda_fp16,0.029646800830960274
1,128,9.57975,2.3034,0.27065,0.37265000000000004,4.158960666840324,cuda_fp16,0.028829798102378845
4,1,0.26649999999999996,0.1273,0.14989999999999998,0.1809,2.0934799685781615,cpu_int8_dynamic,0.022961696609854698
4,2,0.27875,0.16235,0.1475,0.14105,1.716969510317216,cuda_fp32,0.023927539587020874
4,4,0.32675,0.16904999999999998,0.1483,0.1445,1.9328601005619641,cuda_fp32,0.024183036759495735
4,8,0.43465,0.1923,0.15205000000000002,0.15965000000000001,2.2602704108164327,cuda_fp16,0.026814624667167664
4,16,0.6642999999999999,0.23095,0.15055000000000002,0.20829999999999999,2.87638016886772,cuda_fp16,0.026939861476421356
4,32,1.0642,0.3124,0.19205,0.26570000000000005,3.406530089628681,cuda_fp16,0.029450776055455208
4,64,1.9155,0.4632,0.22175,0.2854,4.135362694300518,cuda_fp16,0.029646800830960274
4,128,3.54035,0.7753,0.2791,0.3748,4.5664258996517475,cuda_fp16,0.028829798102378845
8,1,0.2622,0.11955,0.15445,0.18005,2.1932245922208278,cpu_int8_dynamic,0.022961696609854698
8,2,0.22010000000000002,0.15739999999999998,0.1491,0.14695,1.398348157560356,cuda_fp32,0.023927539587020874
8,4,0.25055,0.1617,0.15255000000000002,0.1498,1.5494743351886209,cuda_fp32,0.024183036759495735
8,8,0.3081,0.18059999999999998,0.15465,0.16705,1.7059800664451827,cuda_fp16,0.026814624667167664
8,16,0.4292,0.2084,0.15385,0.21184999999999998,2.0595009596928984,cuda_fp16,0.026939861476421356
8,32,0.6778,0.25170000000000003,0.1979,0.27090000000000003,2.692888359157727,cuda_fp16,0.029450776055455208
8,64,1.28715,0.33475,0.2302,0.29165,3.845108289768484,cuda_fp16,0.029646800830960274
8,128,2.0199,0.50115,0.2825,0.3772,4.030529781502544,cuda_fp16,0.028829798102378845
16,1,0.2983,0.12825,0.17355,0.1926,2.325925925925926,cpu_int8_dynamic,0.022961696609854698
16,2,0.21045,0.172,0.16435,0.1504,1.2235465116279072,cuda_fp32,0.023927539587020874
16,4,0.3125,0.18195,0.16899999999999998,0.1645,1.7175048090134653,cuda_fp32,0.024183036759495735
16,8,0.5975,0.20455,0.1997,0.17515,2.921046198973356,cuda_fp32,0.026814624667167664
16,16,0.6751499999999999,0.23515,0.16675,0.2222,2.871146076972145,cuda_fp16,0.026939861476421356
16,32,0.9823999999999999,0.3035,0.2061,0.295,3.2369028006589784,cuda_fp16,0.029450776055455208
16,64,1.62645,0.4107,0.24259999999999998,0.2992,3.960189919649379,cuda_fp16,0.029646800830960274
16,128,2.65555,0.72,0.3055,0.3915,3.688263888888889,cuda_fp16,0.028829798102378845
