module,scope,weight_granularity,weight_only_relative_l2,dynamic_relative_l2,dynamic_vs_rounded_relative_l2,tokenwise_dynamic_relative_l2,input_abs_max,input_rms,finite
model.layers.0.mlp.up_proj,prefill,tensor,0.02386643923819065,0.06623384356498718,0.06174911558628082,0.042332325130701065,5.4512763023376465,0.3240111172199249,True
model.layers.0.mlp.up_proj,prefill,channel,0.007454163860529661,0.06218668818473816,0.06174595654010773,0.03573422133922577,5.4512763023376465,0.3240111172199249,True
model.layers.0.mlp.up_proj,last_token,tensor,0.02553335763514042,0.04969790577888489,0.04252098128199577,0.04969790577888489,3.020556688308716,0.2334209382534027,True
model.layers.0.mlp.up_proj,last_token,channel,0.007890786044299603,0.043303608894348145,0.0425238199532032,0.043303608894348145,3.020556688308716,0.2334209382534027,True
model.layers.0.mlp.down_proj,prefill,tensor,0.0394466407597065,0.36390265822410583,0.36183640360832214,0.12219695001840591,17.108720779418945,0.11567046493291855,True
model.layers.0.mlp.down_proj,prefill,channel,0.008534681983292103,0.3618331253528595,0.36172065138816833,0.1158970445394516,17.108720779418945,0.11567046493291855,True
model.layers.0.mlp.down_proj,last_token,tensor,0.037888746708631516,0.10399187356233597,0.09628647565841675,0.10399187356233597,1.325393557548523,0.0476943664252758,True
model.layers.0.mlp.down_proj,last_token,channel,0.00875205546617508,0.09652754664421082,0.09612114727497101,0.09652754664421082,1.325393557548523,0.0476943664252758,True
model.layers.13.mlp.up_proj,prefill,tensor,0.03799226135015488,0.16446815431118011,0.15986354649066925,0.06412119418382645,17.265705108642578,0.486294150352478,True
model.layers.13.mlp.up_proj,prefill,channel,0.009287686087191105,0.160135880112648,0.1598665416240692,0.05245920270681381,17.265705108642578,0.486294150352478,True
model.layers.13.mlp.up_proj,last_token,tensor,0.03797999396920204,0.07451537251472473,0.06453180313110352,0.07451537251472473,8.681269645690918,0.48653221130371094,True
model.layers.13.mlp.up_proj,last_token,channel,0.009157044813036919,0.06513039767742157,0.0645054280757904,0.06513039767742157,8.681269645690918,0.48653221130371094,True
model.layers.13.mlp.down_proj,prefill,tensor,0.061932966113090515,0.26815709471702576,0.2604295015335083,0.09450424462556839,9.052897453308105,0.13330818712711334,True
model.layers.13.mlp.down_proj,prefill,channel,0.011201380752027035,0.26066625118255615,0.2604004144668579,0.0721651241183281,9.052897453308105,0.13330818712711334,True
model.layers.13.mlp.down_proj,last_token,tensor,0.0604192353785038,0.0859035775065422,0.06326337903738022,0.0859035775065422,2.1881556510925293,0.12792997062206268,True
model.layers.13.mlp.down_proj,last_token,channel,0.011109232902526855,0.0640474185347557,0.06315949559211731,0.0640474185347557,2.1881556510925293,0.12792997062206268,True
model.layers.27.mlp.up_proj,prefill,tensor,0.0320311114192009,0.11969069391489029,0.11520354449748993,0.07437057048082352,38.874263763427734,1.2376452684402466,True
model.layers.27.mlp.up_proj,prefill,channel,0.008010425604879856,0.11549414694309235,0.1152215301990509,0.06754732877016068,38.874263763427734,1.2376452684402466,True
model.layers.27.mlp.up_proj,last_token,tensor,0.03282015025615692,0.0900825709104538,0.08335240930318832,0.0900825709104538,27.128311157226562,1.0846482515335083,True
model.layers.27.mlp.up_proj,last_token,channel,0.00814256351441145,0.08376393467187881,0.08332705497741699,0.08376393467187881,27.128311157226562,1.0846482515335083,True
model.layers.27.mlp.down_proj,prefill,tensor,0.0733974277973175,0.25391829013824463,0.24343717098236084,0.10979001969099045,214.78695678710938,1.17305326461792,True
model.layers.27.mlp.down_proj,prefill,channel,0.009339914657175541,0.24321089684963226,0.24328909814357758,0.08168718963861465,214.78695678710938,1.17305326461792,True
model.layers.27.mlp.down_proj,last_token,tensor,0.05795935541391373,0.08312395960092545,0.05956343188881874,0.08312395960092545,39.58832550048828,1.081298828125,True
model.layers.27.mlp.down_proj,last_token,channel,0.007451890967786312,0.05913245677947998,0.05903876945376396,0.05913245677947998,39.58832550048828,1.081298828125,True
