profile,comparison_scope,batch,input_features,hidden_features,cpu_threads,variant,device,trial,seed,items_per_request,model_state_mib,median_ms,p95_ms,peak_extra_mib,max_abs_error,relative_l2_error,status,reason
roundtrip,cpu_io,1,768,3072,4,cuda_fp32,cuda,0,2026,1,18.017,0.18,0.2326,0.0263671875,4.172325134277344e-07,6.29099304205738e-07,ok,
roundtrip,cpu_io,1,768,3072,4,cuda_fp16,cuda,0,2026,1,9.01,0.1684,0.1893,0.01318359375,0.0003203451633453369,0.0005439655506052077,ok,
resident,cuda,1,768,3072,4,cuda_fp16,cuda,0,2026,1,9.01,0.18080000000000002,0.2301,0.01171875,0.00032022595405578613,0.0005439298111014068,ok,
resident,cpu,1,768,3072,4,cpu_fp32,cpu,0,2026,1,18.017,0.35545,0.6505,,0.0,0.0,ok,
roundtrip,cpu_io,1,768,3072,4,cpu_int8_dynamic,cpu,0,2026,1,4.518,0.14215,0.204,,0.013842925429344177,0.021040646359324455,ok,
roundtrip,cpu_io,1,768,3072,4,cpu_fp32,cpu,0,2026,1,18.017,0.33299999999999996,0.4164,,0.0,0.0,ok,
resident,cuda,1,768,3072,4,cuda_fp32,cuda,0,2026,1,18.017,0.12605,0.1646,0.0234375,0.0,0.0,ok,
resident,cpu,1,768,3072,4,cpu_int8_dynamic,cpu,0,2026,1,4.518,0.14145,0.158,,0.013842925429344177,0.021040646359324455,ok,
roundtrip,cpu_io,8,768,3072,4,cpu_int8_dynamic,cpu,0,2026,8,4.518,0.20955000000000001,0.2371,,0.018740888684988022,0.023330118507146835,ok,
resident,cuda,8,768,3072,4,cuda_fp32,cuda,0,2026,8,18.017,0.0911,0.0994,0.1875,0.0,0.0,ok,
resident,cpu,8,768,3072,4,cpu_fp32,cpu,0,2026,8,18.017,0.47485,0.6326,,0.0,0.0,ok,
resident,cpu,8,768,3072,4,cpu_int8_dynamic,cpu,0,2026,8,4.518,0.2097,0.2956,,0.018740888684988022,0.023330118507146835,ok,
resident,cuda,8,768,3072,4,cuda_fp16,cuda,0,2026,8,9.01,0.09054999999999999,0.1048,0.09375,0.0005367398262023926,0.0006083474145270884,ok,
roundtrip,cpu_io,8,768,3072,4,cpu_fp32,cpu,0,2026,8,18.017,0.49395,0.6477,,0.0,0.0,ok,
roundtrip,cpu_io,8,768,3072,4,cuda_fp32,cuda,0,2026,8,18.017,0.1721,0.2027,0.2109375,3.46451997756958e-07,4.1956585050684225e-07,ok,
roundtrip,cpu_io,8,768,3072,4,cuda_fp16,cuda,0,2026,8,9.01,0.15885,0.172,0.10546875,0.0005366802215576172,0.0006083481130190194,ok,
roundtrip,cpu_io,32,768,3072,4,cpu_fp32,cpu,0,2026,32,18.017,1.25535,1.5051,,0.0,0.0,ok,
roundtrip,cpu_io,32,768,3072,4,cuda_fp16,cuda,0,2026,32,9.01,0.20735,0.2214,0.421875,0.000944972038269043,0.0007310020155273378,ok,
roundtrip,cpu_io,32,768,3072,4,cuda_fp32,cuda,0,2026,32,18.017,0.28505,0.3029,0.84375,1.1324882507324219e-06,7.339652938753716e-07,ok,
roundtrip,cpu_io,32,768,3072,4,cpu_int8_dynamic,cpu,0,2026,32,4.518,0.33585,0.3811,,0.019530117511749268,0.0267750546336174,ok,
resident,cuda,32,768,3072,4,cuda_fp16,cuda,0,2026,32,9.01,0.10455,0.115,0.375,0.0009445548057556152,0.0007309988141059875,ok,
resident,cpu,32,768,3072,4,cpu_fp32,cpu,0,2026,32,18.017,1.1928,1.4526,,0.0,0.0,ok,
resident,cuda,32,768,3072,4,cuda_fp32,cuda,0,2026,32,18.017,0.19145,0.204,0.75,0.0,0.0,ok,
resident,cpu,32,768,3072,4,cpu_int8_dynamic,cpu,0,2026,32,4.518,0.3375,0.4287,,0.019530117511749268,0.0267750546336174,ok,
resident,cpu,128,768,3072,4,cpu_fp32,cpu,0,2026,128,18.017,4.01665,4.3471,,0.0,0.0,ok,
roundtrip,cpu_io,128,768,3072,4,cuda_fp16,cuda,0,2026,128,9.01,0.28135,0.2937,1.6875,0.001215219497680664,0.0008172182715497911,ok,
roundtrip,cpu_io,128,768,3072,4,cuda_fp32,cuda,0,2026,128,18.017,0.3857,0.3997,3.875,4.76837158203125e-07,5.25932762229786e-07,ok,
roundtrip,cpu_io,128,768,3072,4,cpu_fp32,cpu,0,2026,128,18.017,3.52615,3.8378,,0.0,0.0,ok,
resident,cuda,128,768,3072,4,cuda_fp32,cuda,0,2026,128,18.017,0.2079,0.2139,3.5,0.0,0.0,ok,
resident,cuda,128,768,3072,4,cuda_fp16,cuda,0,2026,128,9.01,0.1179,0.1257,1.5,0.0012151002883911133,0.000817218329757452,ok,
resident,cpu,128,768,3072,4,cpu_int8_dynamic,cpu,0,2026,128,4.518,0.7519,0.8741,,0.028052955865859985,0.028381051495671272,ok,
roundtrip,cpu_io,128,768,3072,4,cpu_int8_dynamic,cpu,0,2026,128,4.518,0.74775,0.8835,,0.028052955865859985,0.028381051495671272,ok,
roundtrip,cpu_io,512,768,3072,4,cpu_fp32,cpu,0,2026,512,18.017,13.08775,13.4669,,0.0,0.0,ok,
resident,cuda,512,768,3072,4,cuda_fp16,cuda,0,2026,512,9.01,0.1621,0.1674,6.0,0.0008296966552734375,0.0006169833359308541,ok,
roundtrip,cpu_io,512,768,3072,4,cuda_fp16,cuda,0,2026,512,9.01,0.50225,0.5773,6.75,0.0008297562599182129,0.0006169843254610896,ok,
roundtrip,cpu_io,512,768,3072,4,cuda_fp32,cuda,0,2026,512,18.017,0.92025,0.9552,14.0,6.556510925292969e-07,6.999728157097707e-07,ok,
resident,cpu,512,768,3072,4,cpu_fp32,cpu,0,2026,512,18.017,13.1618,13.4771,,0.0,0.0,ok,
resident,cuda,512,768,3072,4,cuda_fp32,cuda,0,2026,512,18.017,0.5278,0.5333,12.0,0.0,0.0,ok,
roundtrip,cpu_io,512,768,3072,4,cpu_int8_dynamic,cpu,0,2026,512,4.518,2.6741,2.9615,,0.03454335033893585,0.03243114426732063,ok,
resident,cpu,512,768,3072,4,cpu_int8_dynamic,cpu,0,2026,512,4.518,2.6279,2.7937,,0.03454335033893585,0.03243114426732063,ok,
roundtrip,cpu_io,1,768,3072,4,cuda_fp32,cuda,1,2027,1,18.017,0.17375000000000002,0.1946,0.0263671875,4.76837158203125e-07,6.304599082795903e-07,ok,
roundtrip,cpu_io,1,768,3072,4,cpu_fp32,cpu,1,2027,1,18.017,0.26665000000000005,0.312,,0.0,0.0,ok,
roundtrip,cpu_io,1,768,3072,4,cuda_fp16,cuda,1,2027,1,9.01,0.1531,0.1753,0.01318359375,0.0002962648868560791,0.0005298370961099863,ok,
resident,cuda,1,768,3072,4,cuda_fp32,cuda,1,2027,1,18.017,0.10915,0.1231,0.0234375,0.0,0.0,ok,
roundtrip,cpu_io,1,768,3072,4,cpu_int8_dynamic,cpu,1,2027,1,4.518,0.1225,0.1448,,0.017627909779548645,0.02194100059568882,ok,
resident,cpu,1,768,3072,4,cpu_fp32,cpu,1,2027,1,18.017,0.28800000000000003,0.408,,0.0,0.0,ok,
resident,cuda,1,768,3072,4,cuda_fp16,cuda,1,2027,1,9.01,0.09255,0.1174,0.01171875,0.0002962052822113037,0.0005298283067531884,ok,
resident,cpu,1,768,3072,4,cpu_int8_dynamic,cpu,1,2027,1,4.518,0.1241,0.1528,,0.017627909779548645,0.02194100059568882,ok,
resident,cpu,8,768,3072,4,cpu_fp32,cpu,1,2027,8,18.017,0.43265,0.5387,,0.0,0.0,ok,
roundtrip,cpu_io,8,768,3072,4,cpu_int8_dynamic,cpu,1,2027,8,4.518,0.18905,0.2428,,0.0207514725625515,0.024366121739149094,ok,
resident,cuda,8,768,3072,4,cuda_fp16,cuda,1,2027,8,9.01,0.08205000000000001,0.0968,0.09375,0.00044089555740356445,0.0006028465577401221,ok,
roundtrip,cpu_io,8,768,3072,4,cuda_fp16,cuda,1,2027,8,9.01,0.14595,0.1532,0.10546875,0.00044095516204833984,0.000602849293500185,ok,
roundtrip,cpu_io,8,768,3072,4,cpu_fp32,cpu,1,2027,8,18.017,0.4286,0.5307,,0.0,0.0,ok,
resident,cuda,8,768,3072,4,cuda_fp32,cuda,1,2027,8,18.017,0.0851,0.0904,0.1875,0.0,0.0,ok,
resident,cpu,8,768,3072,4,cpu_int8_dynamic,cpu,1,2027,8,4.518,0.19025,0.2194,,0.0207514725625515,0.024366121739149094,ok,
roundtrip,cpu_io,8,768,3072,4,cuda_fp32,cuda,1,2027,8,18.017,0.1605,0.1689,0.2109375,3.2782554626464844e-07,4.1799097516559414e-07,ok,
resident,cuda,32,768,3072,4,cuda_fp16,cuda,1,2027,32,9.01,0.0923,0.1046,0.375,0.0008077621459960938,0.0007261239807121456,ok,
roundtrip,cpu_io,32,768,3072,4,cuda_fp16,cuda,1,2027,32,9.01,0.18814999999999998,0.205,0.421875,0.0008075833320617676,0.0007261213613674045,ok,
resident,cpu,32,768,3072,4,cpu_fp32,cpu,1,2027,32,18.017,1.07065,1.218,,0.0,0.0,ok,
roundtrip,cpu_io,32,768,3072,4,cpu_fp32,cpu,1,2027,32,18.017,1.05655,1.2712,,0.0,0.0,ok,
resident,cuda,32,768,3072,4,cuda_fp32,cuda,1,2027,32,18.017,0.1736,0.1783,0.75,0.0,0.0,ok,
roundtrip,cpu_io,32,768,3072,4,cuda_fp32,cuda,1,2027,32,18.017,0.26705,0.282,0.84375,8.568167686462402e-07,7.218264954644837e-07,ok,
roundtrip,cpu_io,32,768,3072,4,cpu_int8_dynamic,cpu,1,2027,32,4.518,0.29774999999999996,0.3614,,0.02238389477133751,0.026171326637268066,ok,
resident,cpu,32,768,3072,4,cpu_int8_dynamic,cpu,1,2027,32,4.518,0.29535,0.3497,,0.02238389477133751,0.026171326637268066,ok,
resident,cpu,128,768,3072,4,cpu_fp32,cpu,1,2027,128,18.017,3.4744,3.7123,,0.0,0.0,ok,
roundtrip,cpu_io,128,768,3072,4,cuda_fp32,cuda,1,2027,128,18.017,0.3721,0.3931,3.875,4.6193599700927734e-07,5.259935278445482e-07,ok,
resident,cuda,128,768,3072,4,cuda_fp32,cuda,1,2027,128,18.017,0.2084,0.2169,3.5,0.0,0.0,ok,
roundtrip,cpu_io,128,768,3072,4,cpu_int8_dynamic,cpu,1,2027,128,4.518,0.72905,0.9849,,0.02674081176519394,0.029383152723312378,ok,
resident,cpu,128,768,3072,4,cpu_int8_dynamic,cpu,1,2027,128,4.518,0.7456,0.8882,,0.02674081176519394,0.029383152723312378,ok,
roundtrip,cpu_io,128,768,3072,4,cuda_fp16,cuda,1,2027,128,9.01,0.2784,0.3121,1.6875,0.0013580620288848877,0.0008199550211429596,ok,
resident,cuda,128,768,3072,4,cuda_fp16,cuda,1,2027,128,9.01,0.118,0.1209,1.5,0.0013582110404968262,0.0008199508301913738,ok,
roundtrip,cpu_io,128,768,3072,4,cpu_fp32,cpu,1,2027,128,18.017,3.4267000000000003,3.6701,,0.0,0.0,ok,
resident,cuda,512,768,3072,4,cuda_fp32,cuda,1,2027,512,18.017,0.5399,0.5506,12.0,0.0,0.0,ok,
roundtrip,cpu_io,512,768,3072,4,cuda_fp32,cuda,1,2027,512,18.017,0.9698,1.0295,13.5,6.556510925292969e-07,6.968129468987172e-07,ok,
resident,cpu,512,768,3072,4,cpu_fp32,cpu,1,2027,512,18.017,13.313649999999999,13.9816,,0.0,0.0,ok,
roundtrip,cpu_io,512,768,3072,4,cpu_fp32,cpu,1,2027,512,18.017,13.154399999999999,13.6486,,0.0,0.0,ok,
roundtrip,cpu_io,512,768,3072,4,cuda_fp16,cuda,1,2027,512,9.01,0.53125,0.5582,6.75,0.0007889866828918457,0.0006140692275948822,ok,
resident,cuda,512,768,3072,4,cuda_fp16,cuda,1,2027,512,9.01,0.1846,0.1885,6.0,0.0007886886596679688,0.0006140692275948822,ok,
resident,cpu,512,768,3072,4,cpu_int8_dynamic,cpu,1,2027,512,4.518,2.7085999999999997,2.9543,,0.02731141448020935,0.03003612346947193,ok,
roundtrip,cpu_io,512,768,3072,4,cpu_int8_dynamic,cpu,1,2027,512,4.518,2.7032,2.9398,,0.02731141448020935,0.03003612346947193,ok,
roundtrip,cpu_io,1,768,3072,4,cpu_fp32,cpu,2,2028,1,18.017,0.2653,0.4046,,0.0,0.0,ok,
resident,cuda,1,768,3072,4,cuda_fp16,cuda,2,2028,1,9.01,0.09445,0.1137,0.01171875,0.00034934282302856445,0.0005257910233922303,ok,
roundtrip,cpu_io,1,768,3072,4,cuda_fp16,cuda,2,2028,1,9.01,0.14989999999999998,0.1709,0.01318359375,0.00034934282302856445,0.0005257788579910994,ok,
resident,cuda,1,768,3072,4,cuda_fp32,cuda,2,2028,1,18.017,0.1085,0.1242,0.0234375,0.0,0.0,ok,
resident,cpu,1,768,3072,4,cpu_fp32,cpu,2,2028,1,18.017,0.2613,0.3011,,0.0,0.0,ok,
resident,cpu,1,768,3072,4,cpu_int8_dynamic,cpu,2,2028,1,4.518,0.1285,0.1982,,0.013391464948654175,0.02308657206594944,ok,
roundtrip,cpu_io,1,768,3072,4,cuda_fp32,cuda,2,2028,1,18.017,0.18165,0.217,0.0263671875,5.364418029785156e-07,6.599950665986398e-07,ok,
roundtrip,cpu_io,1,768,3072,4,cpu_int8_dynamic,cpu,2,2028,1,4.518,0.1264,0.1598,,0.013391464948654175,0.02308657206594944,ok,
roundtrip,cpu_io,8,768,3072,4,cuda_fp32,cuda,2,2028,8,18.017,0.1593,0.164,0.2109375,3.2782554626464844e-07,4.186425144325767e-07,ok,
roundtrip,cpu_io,8,768,3072,4,cpu_fp32,cpu,2,2028,8,18.017,0.43725,0.514,,0.0,0.0,ok,
resident,cuda,8,768,3072,4,cuda_fp16,cuda,2,2028,8,9.01,0.084,0.0905,0.09375,0.0005236566066741943,0.0006220557843334973,ok,
roundtrip,cpu_io,8,768,3072,4,cuda_fp16,cuda,2,2028,8,9.01,0.1494,0.1603,0.10546875,0.0005236268043518066,0.0006220578216016293,ok,
resident,cpu,8,768,3072,4,cpu_int8_dynamic,cpu,2,2028,8,4.518,0.1892,0.2252,,0.017062030732631683,0.02527625858783722,ok,
resident,cpu,8,768,3072,4,cpu_fp32,cpu,2,2028,8,18.017,0.44555,0.576,,0.0,0.0,ok,
roundtrip,cpu_io,8,768,3072,4,cpu_int8_dynamic,cpu,2,2028,8,4.518,0.18935000000000002,0.2372,,0.017062030732631683,0.02527625858783722,ok,
resident,cuda,8,768,3072,4,cuda_fp32,cuda,2,2028,8,18.017,0.0853,0.0901,0.1875,0.0,0.0,ok,
resident,cpu,32,768,3072,4,cpu_int8_dynamic,cpu,2,2028,32,4.518,0.30385,0.3634,,0.02196371555328369,0.026898188516497612,ok,
resident,cuda,32,768,3072,4,cuda_fp16,cuda,2,2028,32,9.01,0.09334999999999999,0.1003,0.375,0.0012196898460388184,0.0007237488753162324,ok,
resident,cuda,32,768,3072,4,cuda_fp32,cuda,2,2028,32,18.017,0.17470000000000002,0.1777,0.75,0.0,0.0,ok,
roundtrip,cpu_io,32,768,3072,4,cuda_fp16,cuda,2,2028,32,9.01,0.203,0.3112,0.421875,0.00121992826461792,0.0007237474201247096,ok,
roundtrip,cpu_io,32,768,3072,4,cpu_int8_dynamic,cpu,2,2028,32,4.518,0.35055000000000003,0.3729,,0.02196371555328369,0.026898188516497612,ok,
roundtrip,cpu_io,32,768,3072,4,cuda_fp32,cuda,2,2028,32,18.017,0.28,0.2911,0.84375,8.046627044677734e-07,7.266717148013413e-07,ok,
roundtrip,cpu_io,32,768,3072,4,cpu_fp32,cpu,2,2028,32,18.017,1.2004000000000001,2.5717,,0.0,0.0,ok,
resident,cpu,32,768,3072,4,cpu_fp32,cpu,2,2028,32,18.017,1.0192999999999999,1.153,,0.0,0.0,ok,
roundtrip,cpu_io,128,768,3072,4,cpu_int8_dynamic,cpu,2,2028,128,4.518,0.72635,0.7697,,0.025925807654857635,0.02970181405544281,ok,
roundtrip,cpu_io,128,768,3072,4,cuda_fp32,cuda,2,2028,128,18.017,0.3778,0.3934,3.875,5.066394805908203e-07,5.259749968899996e-07,ok,
roundtrip,cpu_io,128,768,3072,4,cpu_fp32,cpu,2,2028,128,18.017,3.4311499999999997,3.6582,,0.0,0.0,ok,
resident,cpu,128,768,3072,4,cpu_int8_dynamic,cpu,2,2028,128,4.518,0.7424999999999999,0.841,,0.025925807654857635,0.02970181405544281,ok,
resident,cuda,128,768,3072,4,cuda_fp16,cuda,2,2028,128,9.01,0.12,0.1351,1.5,0.0011186003684997559,0.0008212950779125094,ok,
resident,cuda,128,768,3072,4,cuda_fp32,cuda,2,2028,128,18.017,0.21,0.2202,3.5,0.0,0.0,ok,
roundtrip,cpu_io,128,768,3072,4,cuda_fp16,cuda,2,2028,128,9.01,0.29525,0.3291,1.6875,0.0011185407638549805,0.0008212972315959632,ok,
resident,cpu,128,768,3072,4,cpu_fp32,cpu,2,2028,128,18.017,3.53065,3.7119,,0.0,0.0,ok,
resident,cuda,512,768,3072,4,cuda_fp32,cuda,2,2028,512,18.017,0.5217,0.6313,12.0,0.0,0.0,ok,
resident,cpu,512,768,3072,4,cpu_int8_dynamic,cpu,2,2028,512,4.518,2.6748000000000003,3.0724,,0.03134959191083908,0.030535327270627022,ok,
resident,cpu,512,768,3072,4,cpu_fp32,cpu,2,2028,512,18.017,13.074200000000001,13.6336,,0.0,0.0,ok,
resident,cuda,512,768,3072,4,cuda_fp16,cuda,2,2028,512,9.01,0.16149999999999998,0.1671,6.0,0.000773012638092041,0.0006146769155748188,ok,
roundtrip,cpu_io,512,768,3072,4,cuda_fp16,cuda,2,2028,512,9.01,0.50885,0.5765,6.75,0.0007729530334472656,0.000614675460383296,ok,
roundtrip,cpu_io,512,768,3072,4,cpu_int8_dynamic,cpu,2,2028,512,4.518,2.69635,2.9824,,0.03134959191083908,0.030535327270627022,ok,
roundtrip,cpu_io,512,768,3072,4,cpu_fp32,cpu,2,2028,512,18.017,13.16145,13.6912,,0.0,0.0,ok,
roundtrip,cpu_io,512,768,3072,4,cuda_fp32,cuda,2,2028,512,18.017,0.91795,0.9667,14.0,7.450580596923828e-07,6.962808356547612e-07,ok,
