layer,max_abs_error,relative_l2_error
0,0.37429261207580566,0.2850841283798218
1,1.418867588043213,0.4133293330669403
2,2.999690055847168,0.6373428106307983
3,4.899662017822266,0.785732090473175
4,6.635321617126465,0.9633576273918152
5,6.353238105773926,0.8255763649940491
6,6.970527648925781,0.7679769992828369
7,7.09490966796875,0.8791653513908386
8,6.885124206542969,0.9154929518699646
9,5.9318132400512695,1.062132716178894
10,6.327310562133789,1.033172607421875
11,6.528541564941406,1.0006285905838013
12,6.079093933105469,0.9665036797523499
13,6.540853500366211,0.9935404658317566
14,7.183098793029785,0.9247778654098511
15,10.260330200195312,0.9805262088775635
16,8.586793899536133,0.9467849731445312
17,8.876633644104004,0.9613227844238281
18,10.399550437927246,0.9482811689376831
19,10.83808708190918,0.9801222681999207
20,13.228407859802246,0.9355925917625427
21,13.393826484680176,0.7792936563491821
22,17.261394500732422,0.7328959703445435
23,17.303325653076172,0.6439425945281982
24,33.738914489746094,0.657085657119751
25,21.729049682617188,0.501895546913147
26,49.52330780029297,0.4819294214248657
27,34.381168365478516,0.6929730772972107
