profile,comparison_scope,batch,input_features,hidden_features,cpu_threads,variant,status,successful_trials,expected_trials,reason,median_ms,min_median_ms,max_median_ms,spread_ratio,p95_ms,relative_l2_error,max_abs_error,peak_extra_mib,model_state_mib,items_per_second
roundtrip,cpu_io,1,768,3072,16,cpu_fp32,ok,5,5,,0.2983,0.2699,0.39964999999999995,1.4807336050389033,0.53,0.0,0.0,,18.017,3352.329869259135
roundtrip,cpu_io,1,768,3072,16,cpu_int8_dynamic,ok,5,5,,0.12825,0.12685000000000002,0.1346,1.0610957824201812,0.2017,0.022961696609854698,0.016064569354057312,,4.518,7797.270955165692
roundtrip,cpu_io,1,768,3072,16,cuda_fp16,ok,5,5,,0.17355,0.15855,0.1797,1.1333964049195837,0.2433,0.0005576317198574543,0.00039389729499816895,0.01318359375,9.01,5762.028233938346
roundtrip,cpu_io,1,768,3072,16,cuda_fp32,ok,5,5,,0.1926,0.1855,0.20340000000000003,1.0964959568733155,0.2626,6.604361715289997e-07,7.152557373046875e-07,0.0263671875,18.017,5192.107995846314
roundtrip,cpu_io,2,768,3072,16,cuda_fp32,ok,5,5,,0.1504,0.13774999999999998,0.1591,1.1549909255898367,0.2243,5.325214260665234e-07,5.364418029785156e-07,0.052734375,18.017,13297.87234042553
roundtrip,cpu_io,2,768,3072,16,cpu_int8_dynamic,ok,5,5,,0.172,0.16565,0.18015,1.0875339571385452,0.264,0.023927539587020874,0.01865227520465851,,4.518,11627.906976744187
roundtrip,cpu_io,2,768,3072,16,cuda_fp16,ok,5,5,,0.16435,0.15365,0.16775,1.091767002928734,0.246,0.0006369366310536861,0.0005205273628234863,0.0263671875,9.01,12169.151201703682
roundtrip,cpu_io,2,768,3072,16,cpu_fp32,ok,5,5,,0.21045,0.20350000000000001,0.2375,1.167076167076167,0.3954,0.0,0.0,,18.017,9503.444998812069
roundtrip,cpu_io,4,768,3072,16,cpu_fp32,ok,5,5,,0.3125,0.2825,0.34045000000000003,1.205132743362832,0.737,0.0,0.0,,18.017,12800.0
roundtrip,cpu_io,4,768,3072,16,cuda_fp32,ok,5,5,,0.1645,0.15965,0.1809,1.1331036642655812,0.3116,4.2217533291477594e-07,3.427267074584961e-07,0.10546875,18.017,24316.1094224924
roundtrip,cpu_io,4,768,3072,16,cpu_int8_dynamic,ok,5,5,,0.18195,0.179,0.1905,1.064245810055866,0.3002,0.024183036759495735,0.01734091341495514,,4.518,21984.061555372355
roundtrip,cpu_io,4,768,3072,16,cuda_fp16,ok,5,5,,0.16899999999999998,0.1634,0.18375,1.1245410036719707,0.2674,0.0006372326170094311,0.0006215572357177734,0.052734375,9.01,23668.63905325444
roundtrip,cpu_io,8,768,3072,16,cpu_int8_dynamic,ok,5,5,,0.20455,0.1993,0.23995,1.203963873557451,0.3783,0.026814624667167664,0.024269096553325653,,4.518,39110.24199462234
roundtrip,cpu_io,8,768,3072,16,cuda_fp32,ok,5,5,,0.17515,0.17485,0.19195,1.0977981126680012,0.292,4.2818501810870657e-07,3.8743019104003906e-07,0.2109375,18.017,45675.135598058805
roundtrip,cpu_io,8,768,3072,16,cpu_fp32,ok,5,5,,0.5975,0.52745,0.62625,1.1873163333017347,1.2051,0.0,0.0,,18.017,13389.121338912133
roundtrip,cpu_io,8,768,3072,16,cuda_fp16,ok,5,5,,0.1997,0.16505,0.3846,2.3302029687973342,0.5696,0.0006245102267712355,0.0006126761436462402,0.10546875,9.01,40060.09013520281
roundtrip,cpu_io,16,768,3072,16,cuda_fp32,ok,5,5,,0.2222,0.22,0.29805,1.3547727272727272,0.3104,4.2300450786569854e-07,3.5762786865234375e-07,0.421875,18.017,72007.20072007201
roundtrip,cpu_io,16,768,3072,16,cuda_fp16,ok,5,5,,0.16675,0.16645,0.20725,1.2451186542505257,0.3074,0.0005475547513924539,0.0005092024803161621,0.2109375,9.01,95952.023988006
roundtrip,cpu_io,16,768,3072,16,cpu_fp32,ok,5,5,,0.6751499999999999,0.44875,0.75685,1.686573816155989,1.6751,0.0,0.0,,18.017,23698.437384284978
roundtrip,cpu_io,16,768,3072,16,cpu_int8_dynamic,ok,5,5,,0.23515,0.225,0.24395,1.0842222222222222,0.3546,0.026939861476421356,0.025644291192293167,,4.518,68041.67552625983
roundtrip,cpu_io,32,768,3072,16,cpu_fp32,ok,5,5,,0.9823999999999999,0.8958,1.2823,1.4314579147131055,2.6035,0.0,0.0,,18.017,32573.289902280132
roundtrip,cpu_io,32,768,3072,16,cuda_fp32,ok,5,5,,0.295,0.27745,0.48445000000000005,1.7460803748423142,0.594,7.293136263797351e-07,8.642673492431641e-07,0.84375,18.017,108474.57627118645
roundtrip,cpu_io,32,768,3072,16,cpu_int8_dynamic,ok,5,5,,0.3035,0.27595000000000003,0.3185,1.1541946004710997,0.4854,0.029450776055455208,0.028162717819213867,,4.518,105436.57331136738
roundtrip,cpu_io,32,768,3072,16,cuda_fp16,ok,5,5,,0.2061,0.2031,0.4115,2.0260955194485475,0.5372,0.0007317249546758831,0.0010993778705596924,0.421875,9.01,155264.43474041726
roundtrip,cpu_io,64,768,3072,16,cuda_fp32,ok,5,5,,0.2992,0.2949,0.30065,1.0194981349610037,0.3843,3.6378401091496926e-07,4.172325134277344e-07,1.6875,18.017,213903.743315508
roundtrip,cpu_io,64,768,3072,16,cuda_fp16,ok,5,5,,0.24259999999999998,0.23935,0.2435,1.0173386254439105,0.3509,0.0007639740942977369,0.0010442137718200684,0.84375,9.01,263808.7386644683
roundtrip,cpu_io,64,768,3072,16,cpu_fp32,ok,5,5,,1.62645,1.4043,1.7027,1.2124902086448763,3.1216,0.0,0.0,,18.017,39349.50351993606
roundtrip,cpu_io,64,768,3072,16,cpu_int8_dynamic,ok,5,5,,0.4107,0.38105,0.4788,1.256528014696234,0.7408,0.029646800830960274,0.02647867426276207,,4.518,155831.50718285854
roundtrip,cpu_io,128,768,3072,16,cpu_int8_dynamic,ok,5,5,,0.72,0.5824499999999999,0.86385,1.4831315992789083,1.7866,0.028829798102378845,0.02823556959629059,,4.518,177777.77777777778
roundtrip,cpu_io,128,768,3072,16,cuda_fp32,ok,5,5,,0.3915,0.3853,0.45655,1.1849208409031924,0.6194,5.260644684312865e-07,5.681067705154419e-07,3.875,18.017,326947.63729246485
roundtrip,cpu_io,128,768,3072,16,cuda_fp16,ok,5,5,,0.3055,0.29300000000000004,0.4738,1.617064846416382,0.5485,0.0008186114719137549,0.0014129281044006348,1.6875,9.01,418985.27004909987
roundtrip,cpu_io,128,768,3072,16,cpu_fp32,ok,5,5,,2.65555,2.43395,4.549300000000001,1.869101666016147,8.0534,0.0,0.0,,18.017,48200.9376588654
