batch,variant,device,median_ms,stdev_ms,model_state_mib,max_abs_error,relative_l2_error,cosine_similarity,speedup_vs_same_device_fp32
1,cpu_fp32,cpu,0.6133000133559108,0.03475135756816469,18.017,0.0,0.0,1.000000238418579,1.0
1,cpu_int8_dynamic,cpu,0.13135001063346863,0.012905163951095646,4.518,0.013842925429344177,0.021040646359324455,0.9997800588607788,4.669204139368672
1,cuda_fp32,cuda,0.08750399947166443,0.011970651617097363,18.017,0.0,0.0,1.0000001192092896,1.0
1,cuda_fp16,cuda,0.09678399935364723,0.06598101277205731,9.01,0.00032022595405578613,0.0005439298111014068,0.9999998807907104,0.9041163834522499
8,cpu_fp32,cpu,0.6832999642938375,0.04582015171239883,18.017,0.0,0.0,0.9999997615814209,1.0
8,cpu_int8_dynamic,cpu,0.19719998817890882,0.04760632747371243,4.518,0.018740888684988022,0.023330118507146835,0.999727725982666,3.4650101686310277
8,cuda_fp32,cuda,0.06817599758505821,0.017446509033188787,18.017,0.0,0.0,1.0,1.0
8,cuda_fp16,cuda,0.0777439996600151,0.011223106383677761,9.01,0.0005367398262023926,0.0006083474145270884,0.9999998211860657,0.876929382115674
32,cpu_fp32,cpu,1.235299976542592,0.038069270420911114,18.017,0.0,0.0,1.0000003576278687,1.0
32,cpu_int8_dynamic,cpu,0.30860002152621746,0.007761518124280837,4.518,0.019530117511749268,0.0267750546336174,0.999642014503479,4.002916041396471
32,cuda_fp32,cuda,0.1409599930047989,0.0046792927548516775,18.017,0.0,0.0,0.9999998807907104,1.0
32,cuda_fp16,cuda,0.080960001796484,0.00785778010062789,9.01,0.0009445548057556152,0.0007309988141059875,0.9999997615814209,1.7411065943296538
128,cpu_fp32,cpu,3.64244997035712,0.13336391398408995,18.017,0.0,0.0,1.0000001192092896,1.0
128,cpu_int8_dynamic,cpu,0.7947499980218709,0.11255752957207192,4.518,0.028052955865859985,0.028381051495671272,0.9995976686477661,4.583139326106526
128,cuda_fp32,cuda,0.19337599724531174,0.03681712329037751,18.017,0.0,0.0,1.0,1.0
128,cuda_fp16,cuda,0.08507199957966805,0.005733899355365238,9.01,0.0012151002883911133,0.000817218329757452,0.9999996423721313,2.2730863057264736
