batch,variant,ok_trials,median_of_medians_ms,min_median_ms,max_median_ms,max_relative_l2_error
1,cpu_fp32,3,0.48544997116550803,0.25859999004751444,0.6133000133559108,0.0
1,cpu_int8_dynamic,3,0.13135001063346863,0.12360000982880592,0.13429997488856316,0.021040646359324455
1,cuda_fp32,3,0.09857599809765816,0.08750399947166443,0.10433599725365639,0.0
1,cuda_fp16,3,0.10316799953579903,0.09678399935364723,0.11230400204658508,0.0005439298111014068
8,cpu_fp32,3,0.5791999865323305,0.46249997103586793,0.6832999642938375,0.0
8,cpu_int8_dynamic,3,0.20745000801980495,0.19719998817890882,0.21100003505125642,0.023330118507146835
8,cuda_fp32,3,0.07027199864387512,0.06817599758505821,0.07737600058317184,0.0
8,cuda_fp16,3,0.08167999982833862,0.0777439996600151,0.2269119992852211,0.0006083474145270884
32,cpu_fp32,3,1.1657500290311873,1.1265499633736908,1.235299976542592,0.0
32,cpu_int8_dynamic,3,0.30860002152621746,0.30200002947822213,0.31504995422437787,0.0267750546336174
32,cuda_fp32,3,0.1409280002117157,0.1409280002117157,0.1409599930047989,0.0
32,cuda_fp16,3,0.0838719978928566,0.080960001796484,0.08487999811768532,0.0007309988141059875
128,cpu_fp32,3,3.5276999697089195,3.3386500435881317,3.64244997035712,0.0
128,cpu_int8_dynamic,3,0.7886500097811222,0.7374000269919634,0.7947499980218709,0.028381051495671272
128,cuda_fp32,3,0.18987199664115906,0.17267200350761414,0.19337599724531174,0.0
128,cuda_fp16,3,0.08718400076031685,0.08507199957966805,0.0873280018568039,0.000817218329757452
